{"max_jet": [1.9999995231628418, 366.6409606933594, 100.0], "min_jet": [-1.9999886751174927, 0.11104662716388702, 1.0], "mean_jet": [-0.0005965496529825032, 135.6859130859375, 49.01999282836914], "std_jet": [0.9325670003890991, 56.36649703979492, 17.2427978515625], "max_particle": [1.1722928285598755, 1.1737650632858276, 6.473108291625977], "min_particle": [-1.2783023118972778, -1.1768560409545898, -9.471972465515137], "mean_particle": [7.34383866074495e-06, -1.9020959371118806e-05, 0.524595320224762], "std_particle": [0.17508016526699066, 0.17726637423038483, 1.0599592924118042]}