{"max_jet": [649.9998168945312, 1.9999995231628418, 366.6409606933594, 100.0], "min_jet": [512.1396484375, -1.9999886751174927, 0.11104662716388702, 1.0], "mean_jet": [596.61962890625, -0.0005965496529825032, 135.6859130859375, 49.01999282836914], "std_jet": [28.742788314819336, 0.9325670003890991, 56.36649703979492, 17.2427978515625], "max_particle": [1.1722928285598755, 1.1737650632858276, 0.0], "min_particle": [-1.2783023118972778, -1.1768560409545898, -8.348190307617188], "mean_particle": [1.4980901141825598e-05, -3.880138319800608e-05, -0.01828933320939541], "std_particle": [0.2500600814819336, 0.2531823515892029, 0.060720622539520264]}