{"max_jet": [649.99951171875, 1.9999995231628418, 367.49847412109375, 160.0], "min_jet": [550.0000610351562, -1.9999886751174927, 46.66908264160156, 13.0], "mean_jet": [595.9861450195312, -0.002064645290374756, 175.929443359375, 54.7576789855957], "std_jet": [28.740257263183594, 0.8796244859695435, 24.796253204345703, 13.793630599975586], "max_particle": [1.1969027519226074, 1.1420162916183472, 0.0], "min_particle": [-1.2783023118972778, -1.1497660875320435, -1.985244870185852], "mean_particle": [0.00011134958185721189, 4.394156712805852e-05, -0.017604123800992966], "std_particle": [0.26858216524124146, 0.27461791038513184, 0.04189353063702583]}